State,Fiscal Year,Allocations(in thousands),Head Start Enrollment,Allocations/Student
Alabama,1988,23853.0,10835.0,2201.48
Alabama,1989,24367.0,10875.0,2240.64
Alabama,1990,29935.0,11587.0,2583.5
Alabama,1992,40021.0,13012.0,3075.7
Alabama,1993,46937.0,14106.0,3327.45
Alabama,1994,54282.0,14525.0,3737.14
Alabama,1995,57542.0,14552.0,3954.23
Alabama,1996,58265.0,14429.0,4038.05
Alabama,1997,65970.0,14979.0,4404.17
Alabama,1998,67517.0,15118.0,4466.0
Alabama,1999,71983.0,15263.0,4716.18
Alabama,2000,82414.0,15823.0,5208.49
Alabama,2001,95374.0,16498.0,5780.94
Alabama,2002,100154.0,16529.0,6059.29
Alabama,2003,103588.0,16509.0,6274.64
Alabama,2004,105500.307,16374.0,6443.16
Alabama,2005,106345.3,16374.0,6494.77
Alabama,2006,105467.527,16374.0,6441.16
Alabama,2007,107069.71,16374.0,6539.01
Alabama,2008,106910.747,16284.0,6565.39
Alabama,2009,110249.206,16218.0,6797.95
Alabama,2010,112229.307,17277,6495.87931932627
Alaska,1988,2446.0,800.0,3057.5
Alaska,1989,2462.0,800.0,3077.5
Alaska,1990,2840.0,800.0,3550.0
Alaska,1992,4434.0,1067.0,4155.58
Alaska,1993,5316.0,1143.0,4650.92
Alaska,1994,6295.0,1209.0,5206.78
Alaska,1995,6534.0,1209.0,5404.47
Alaska,1996,6748.0,1299.0,5194.77
Alaska,1997,7581.0,1212.0,6254.95
Alaska,1998,8209.0,1261.0,6509.91
Alaska,1999,8786.0,1281.0,6858.7
Alaska,2000,9738.0,1297.0,7508.1
Alaska,2001,11656.0,1586.0,7349.31
Alaska,2002,12104.0,1839.0,6581.84
Alaska,2003,12126.0,1817.0,6673.64
Alaska,2004,12352.697,1634.0,7559.79
Alaska,2005,12439.387,1725.0,7211.24
Alaska,2006,12336.713,1580.0,7808.05
Alaska,2007,12524.123,1583.0,7911.64
Alaska,2008,12505.529,1631.0,7667.4
Alaska,2009,12896.034,1583.0,8146.58
Alaska,2010,13127.649,1969,6667.1655662773
Arizona,1988,10349.0,3683.0,2809.94
Arizona,1989,10675.0,3743.0,2851.99
Arizona,1990,13745.0,4730.0,2905.92
Arizona,1992,20729.0,6179.0,3354.75
Arizona,1993,35503.0,9189.0,3863.64
Arizona,1994,44416.0,9846.0,4511.07
Arizona,1995,47208.0,10029.0,4707.15
Arizona,1996,47617.0,9818.0,4849.97
Arizona,1997,53478.0,10561.0,5063.73
Arizona,1998,59017.0,11055.0,5338.49
Arizona,1999,62444.0,11127.0,5611.93
Arizona,2000,73697.0,11882.0,6202.41
Arizona,2001,89629.0,12865.0,6966.89
Arizona,2002,96913.0,13297.0,7288.34
Arizona,2003,100174.0,13215.0,7580.33
Arizona,2004,102022.603,13215.0,7720.21
Arizona,2005,103225.141,13215.0,7811.21
Arizona,2006,102373.122,13175.0,7770.26
Arizona,2007,103928.297,13175.0,7888.3
Arizona,2008,103773.998,12946.0,8015.91
Arizona,2009,107014.507,12946.0,8266.22
Arizona,2010,108936.512,14225,7658.10277680141
Arkansas,1988,12343.0,6061.0,2036.46
Arkansas,1989,12603.0,6138.0,2053.27
Arkansas,1990,16026.0,7284.0,2200.16
Arkansas,1992,22297.0,8213.0,2714.84
Arkansas,1993,26337.0,8792.0,2995.56
Arkansas,1994,30719.0,9065.0,3388.75
Arkansas,1995,32681.0,9244.0,3535.37
Arkansas,1996,33153.0,9193.0,3606.33
Arkansas,1997,36396.0,9637.0,3776.69
Arkansas,1998,39367.0,9893.0,3979.28
Arkansas,1999,43449.0,10097.0,4303.16
Arkansas,2000,48379.0,10316.0,4689.71
Arkansas,2001,57381.0,10818.0,5304.22
Arkansas,2002,61024.0,10930.0,5583.17
Arkansas,2003,62645.0,10915.0,5739.35
Arkansas,2004,63808.419,10879.0,5865.28
Arkansas,2005,64354.806,10942.0,5881.45
Arkansas,2006,63823.662,10778.0,5921.66
Arkansas,2007,64793.182,10778.0,6011.61
Arkansas,2008,64696.986,10661.0,6068.57
Arkansas,2009,66717.253,10521.0,6341.34
Arkansas,2010,67915.51,10838,6266.42461708802
California,1988,113657.0,35361.0,3214.19
California,1989,116513.0,35835.0,3251.37
California,1990,152094.0,45135.0,3369.76
California,1992,219423.0,52658.0,4166.95
California,1993,305180.0,67684.0,4508.89
California,1994,371227.0,70995.0,5228.92
California,1995,392331.0,72650.0,5400.29
California,1996,392965.0,72606.0,5412.29
California,1997,458841.0,79929.0,5740.61
California,1998,528339.0,86368.0,6117.3
California,1999,554366.0,86459.0,6411.89
California,2000,642512.0,95280.0,6743.41
California,2001,758591.0,97667.0,7767.12
California,2002,801430.0,98687.0,8120.93
California,2003,811487.0,98767.0,8216.18
California,2004,823694.368,98933.0,8325.78
California,2005,829439.955,98432.0,8426.53
California,2006,822593.768,98395.0,8360.12
California,2007,835094.424,98353.0,8490.79
California,2008,833853.59,97942.0,8513.75
California,2009,859903.697,97894.0,8784.03
California,2010,875307.456,103235,8478.78583813629
Colorado,1988,10752.0,4456.0,2412.93
Colorado,1989,10936.0,4730.0,2312.05
Colorado,1990,13674.0,5625.0,2430.93
Colorado,1992,19353.0,6604.0,2930.5
Colorado,1993,25505.0,7672.0,3324.43
Colorado,1994,31787.0,8118.0,3915.62
Colorado,1995,35757.0,8576.0,4169.43
Colorado,1996,36364.0,8647.0,4205.39
Colorado,1997,40902.0,8952.0,4569.03
Colorado,1998,42368.0,8863.0,4780.32
Colorado,1999,46602.0,9135.0,5101.48
Colorado,2000,52226.0,9333.0,5595.84
Colorado,2001,61805.0,9826.0,6289.95
Colorado,2002,65716.0,9872.0,6656.81
Colorado,2003,66428.0,9843.0,6748.76
Colorado,2004,67676.158,9820.0,6891.67
Colorado,2005,68156.887,9820.0,6940.62
Colorado,2006,67594.321,9820.0,6883.33
Colorado,2007,68621.163,9820.0,6987.9
Colorado,2008,68519.283,9820.0,6977.52
Colorado,2009,70658.907,9820.0,7195.41
Colorado,2010,71927.957,10371,6935.4890560216
Connecticut,1988,11021.0,4220.0,2611.61
Connecticut,1989,11243.0,4199.0,2677.54
Connecticut,1990,13609.0,4726.0,2879.6
Connecticut,1992,18694.0,5311.0,3519.86
Connecticut,1993,22066.0,5561.0,3967.99
Connecticut,1994,26061.0,5660.0,4604.42
Connecticut,1995,27022.0,5625.0,4803.91
Connecticut,1996,27382.0,5567.0,4918.63
Connecticut,1997,32985.0,6190.0,5328.76
Connecticut,1998,35244.0,6476.0,5442.25
Connecticut,1999,37906.0,6825.0,5553.99
Connecticut,2000,41674.0,6857.0,6077.58
Connecticut,2001,47931.0,7207.0,6650.62
Connecticut,2002,49985.0,7224.0,6919.3
Connecticut,2003,50604.0,7129.0,7098.33
Connecticut,2004,51400.659,7148.0,7190.91
Connecticut,2005,51760.059,7126.0,7263.55
Connecticut,2006,51332.832,7126.0,7203.6
Connecticut,2007,52112.641,7076.0,7364.7
Connecticut,2008,52035.272,7036.0,7395.58
Connecticut,2009,53660.157,6798.0,7893.52
Connecticut,2010,54623.905,7284,7499.16323448655
Delaware,1988,2545.0,936.0,2719.02
Delaware,1989,2605.0,936.0,2783.12
Delaware,1990,3147.0,1113.0,2827.49
Delaware,1992,4454.0,1333.0,3341.34
Delaware,1993,5265.0,1455.0,3618.56
Delaware,1994,5815.0,1455.0,3996.56
Delaware,1995,6027.0,1574.0,3829.1
Delaware,1996,6239.0,1455.0,4287.97
Delaware,1997,8314.0,2077.0,4002.89
Delaware,1998,8446.0,2114.0,3995.27
Delaware,1999,8873.0,2126.0,4173.57
Delaware,2000,9820.0,2119.0,4634.26
Delaware,2001,11831.0,2243.0,5274.63
Delaware,2002,12286.0,2231.0,5506.95
Delaware,2003,12537.0,2214.0,5662.6
Delaware,2004,12770.909,2197.0,5812.89
Delaware,2005,13200.569,2197.0,6008.45
Delaware,2006,13091.612,2071.0,6321.4
Delaware,2007,13290.49,2071.0,6417.43
Delaware,2008,13270.758,2059.0,6445.24
Delaware,2009,13685.159,2059.0,6646.51
Delaware,2010,13930.947,2705,5150.07282809612
District of Columbia,1988,6687.0,2285.0,2926.48
District of Columbia,1989,6761.0,2285.0,2958.86
District of Columbia,1990,7747.0,2493.0,3107.5
District of Columbia,1992,9673.0,2639.0,3665.4
District of Columbia,1993,11631.0,2841.0,4093.98
District of Columbia,1994,12854.0,2841.0,4524.46
District of Columbia,1995,14329.0,2913.0,4918.98
District of Columbia,1996,14530.0,3339.0,4351.6
District of Columbia,1997,17361.0,3273.0,5304.31
District of Columbia,1998,18276.0,3295.0,5546.59
District of Columbia,1999,19201.0,3279.0,5855.75
District of Columbia,2000,20926.0,3345.0,6255.9
District of Columbia,2001,23203.0,3343.0,6940.77
District of Columbia,2002,24091.0,3403.0,7079.34
District of Columbia,2003,24408.0,3403.0,7172.49
District of Columbia,2004,24864.991,3403.0,7306.79
District of Columbia,2005,25040.757,3403.0,7358.44
District of Columbia,2006,24834.071,3403.0,7297.7
District of Columbia,2007,25211.331,3403.0,7408.56
District of Columbia,2008,25173.901,3403.0,7397.56
District of Columbia,2009,25959.996,3403.0,7628.56
District of Columbia,2010,26426.243,3523,7501.06244677831
Florida,1988,32874.0,13031.0,2522.75
Florida,1989,33763.0,13234.0,2551.23
Florida,1990,45381.0,16975.0,2673.4
Florida,1992,67552.0,20567.0,3284.48
Florida,1993,92741.0,25333.0,3660.88
Florida,1994,118976.0,27398.0,4342.51
Florida,1995,125508.0,27623.0,4543.6
Florida,1996,127325.0,27535.0,4624.11
Florida,1997,144663.0,29523.0,4900.01
Florida,1998,159055.0,30285.0,5251.94
Florida,1999,169996.0,30792.0,5520.78
Florida,2000,195696.0,32389.0,6042.05
Florida,2001,236056.0,34657.0,6811.21
Florida,2002,252370.0,35610.0,7087.05
Florida,2003,255501.0,35350.0,7227.75
Florida,2004,260307.421,35574.0,7317.35
Florida,2005,262433.345,35530.0,7386.25
Florida,2006,260267.233,35514.0,7328.58
Florida,2007,264221.005,35457.0,7451.87
Florida,2008,263828.726,35402.0,7452.37
Florida,2009,272067.2,35390.0,7687.69
Florida,2010,276913.612,37613,7362.17828942121
Georgia,1988,27892.0,10956.0,2545.82
Georgia,1989,28509.0,10858.0,2625.62
Georgia,1990,37304.0,13792.0,2704.76
Georgia,1992,52225.0,16080.0,3247.82
Georgia,1993,66499.0,18594.0,3576.37
Georgia,1994,81974.0,19445.0,4215.69
Georgia,1995,85792.0,19523.0,4394.41
Georgia,1996,86596.0,19563.0,4426.52
Georgia,1997,96295.0,20505.0,4696.17
Georgia,1998,105423.0,21195.0,4973.96
Georgia,1999,112040.0,21121.0,5304.67
Georgia,2000,126281.0,21580.0,5851.76
Georgia,2001,151340.0,23140.0,6540.19
Georgia,2002,161740.0,23414.0,6907.83
Georgia,2003,163757.0,23400.0,6998.16
Georgia,2004,166837.016,23450.0,7114.58
Georgia,2005,168058.734,23508.0,7149.0
Georgia,2006,166671.579,23508.0,7089.99
Georgia,2007,169203.527,23436.0,7219.81
Georgia,2008,168952.317,23359.0,7232.86
Georgia,2009,174228.123,23359.0,7458.71
Georgia,2010,177357.301,24928,7114.78261392811
Hawaii,1988,4402.0,1405.0,3133.1
Hawaii,1989,4475.0,1405.0,3185.05
Hawaii,1990,5547.0,1703.0,3257.19
Hawaii,1992,7547.0,1974.0,3823.2
Hawaii,1993,8882.0,2183.0,4068.71
Hawaii,1994,9939.0,2260.0,4397.79
Hawaii,1995,10312.0,2226.0,4632.52
Hawaii,1996,10981.0,2517.0,4362.73
Hawaii,1997,12632.0,2539.0,4975.19
Hawaii,1998,13983.0,2769.0,5049.84
Hawaii,1999,15786.0,2799.0,5639.87
Hawaii,2000,18199.0,2916.0,6241.08
Hawaii,2001,21166.0,3073.0,6887.73
Hawaii,2002,21977.0,3073.0,7151.64
Hawaii,2003,22248.0,3063.0,7263.47
Hawaii,2004,22664.976,3063.0,7399.6
Hawaii,2005,22825.08,3049.0,7486.09
Hawaii,2006,22636.682,3049.0,7424.3
Hawaii,2007,22980.561,3049.0,7537.08
Hawaii,2008,22946.443,3049.0,7525.89
Hawaii,2009,23662.982,3049.0,7760.9
Hawaii,2010,24087.975,3173,7591.54585565711
Idaho,1988,3332.0,1166.0,2857.63
Idaho,1989,3450.0,1154.0,2989.6
Idaho,1990,4452.0,1369.0,3252.01
Idaho,1992,6745.0,1658.0,4068.15
Idaho,1993,8329.0,1850.0,4502.16
Idaho,1994,9574.0,1912.0,5007.32
Idaho,1995,10009.0,1841.0,5436.72
Idaho,1996,10043.0,1869.0,5373.46
Idaho,1997,12529.0,2213.0,5661.55
Idaho,1998,13058.0,2231.0,5852.98
Idaho,1999,14121.0,2266.0,6231.69
Idaho,2000,16098.0,2387.0,6744.03
Idaho,2001,20158.0,2890.0,6975.09
Idaho,2002,21663.0,3347.0,6472.36
Idaho,2003,21820.0,2939.0,7424.29
Idaho,2004,22410.937,2957.0,7578.94
Idaho,2005,22753.002,2640.0,8618.56
Idaho,2006,22565.199,2951.0,7646.63
Idaho,2007,22907.992,2943.0,7783.89
Idaho,2008,22873.982,2903.0,7879.43
Idaho,2009,23588.259,2818.0,8370.57
Idaho,2010,24011.909,3082,7791.01524983777
Illinois,1988,58809.0,22502.0,2613.5
Illinois,1989,60097.0,22650.0,2653.29
Illinois,1990,73839.0,25857.0,2855.67
Illinois,1992,99852.0,28802.0,3466.84
Illinois,1993,117770.0,30268.0,3890.91
Illinois,1994,139137.0,30537.0,4556.34
Illinois,1995,148120.0,31579.0,4690.46
Illinois,1996,148915.0,31817.0,4680.36
Illinois,1997,170193.0,33924.0,5016.89
Illinois,1998,182050.0,34871.0,5220.67
Illinois,1999,192580.0,35211.0,5469.31
Illinois,2000,214965.0,37767.0,5691.87
Illinois,2001,248855.0,39805.0,6251.85
Illinois,2002,259780.0,39619.0,6556.95
Illinois,2003,263047.0,39640.0,6635.9
Illinois,2004,267111.453,39672.0,6733.0
Illinois,2005,270041.013,39640.0,6812.34
Illinois,2006,267812.098,39640.0,6756.11
Illinois,2007,271880.496,39640.0,6858.74
Illinois,2008,271476.845,39534.0,6866.92
Illinois,2009,279954.144,39435.0,7099.13
Illinois,2010,284942.207,41529,6861.28264586193
Indiana,1988,16536.0,7036.0,2350.2
Indiana,1989,16917.0,7108.0,2379.99
Indiana,1990,21890.0,8689.0,2519.28
Indiana,1992,31054.0,10213.0,3040.63
Indiana,1993,37979.0,11107.0,3419.38
Indiana,1994,46558.0,11730.0,3969.14
Indiana,1995,48871.0,11739.0,4163.13
Indiana,1996,49804.0,11847.0,4203.93
Indiana,1997,55293.0,12415.0,4453.73
Indiana,1998,61337.0,12930.0,4743.77
Indiana,1999,65226.0,13057.0,4995.48
Indiana,2000,72467.0,13323.0,5439.24
Indiana,2001,85241.0,14256.0,5979.31
Indiana,2002,88667.0,14145.0,6268.43
Indiana,2003,93523.0,14148.0,6610.33
Indiana,2004,95093.413,14234.0,6680.72
Indiana,2005,95943.402,14231.0,6741.86
Indiana,2006,95151.487,14231.0,6686.21
Indiana,2007,96596.956,14213.0,6796.38
Indiana,2008,96453.542,14190.0,6797.29
Indiana,2009,99465.458,14145.0,7031.85
Indiana,2010,101251.881,15438,6558.61387485426
Iowa,1988,8786.0,3676.0,2390.1
Iowa,1989,9045.0,3741.0,2417.8
Iowa,1990,11558.0,4580.0,2523.58
Iowa,1992,16484.0,5266.0,3130.27
Iowa,1993,20111.0,5758.0,3492.71
Iowa,1994,23430.0,5946.0,3940.46
Iowa,1995,25539.0,6199.0,4119.86
Iowa,1996,25968.0,6178.0,4203.3
Iowa,1997,28458.0,6341.0,4487.94
Iowa,1998,33451.0,6922.0,4832.56
Iowa,1999,36038.0,7003.0,5146.08
Iowa,2000,40714.0,7235.0,5627.37
Iowa,2001,47381.0,7689.0,6162.18
Iowa,2002,49495.0,7620.0,6495.41
Iowa,2003,50109.0,7717.0,6493.33
Iowa,2004,51049.85,7775.0,6565.9
Iowa,2005,51412.029,7735.0,6646.67
Iowa,2006,50987.675,7710.0,6613.19
Iowa,2007,51762.241,7710.0,6713.65
Iowa,2008,51685.391,7677.0,6732.5
Iowa,2009,53299.35,7677.0,6942.73
Iowa,2010,54256.619,8191,6623.93102185325
Kansas,1988,7405.0,3390.0,2184.37
Kansas,1989,7548.0,3394.0,2223.92
Kansas,1990,9778.0,3938.0,2482.99
Kansas,1992,14175.0,4705.0,3012.75
Kansas,1993,17885.0,5389.0,3318.8
Kansas,1994,22095.0,5793.0,3814.09
Kansas,1995,24772.0,6158.0,4022.73
Kansas,1996,25129.0,6074.0,4137.14
Kansas,1997,28815.0,6355.0,4534.23
Kansas,1998,31299.0,7175.0,4362.23
Kansas,1999,32958.0,7000.0,4708.29
Kansas,2000,37061.0,7447.0,4976.63
Kansas,2001,44951.0,7897.0,5692.16
Kansas,2002,47909.0,8013.0,5978.91
Kansas,2003,49503.0,7924.0,6247.22
Kansas,2004,50433.097,7949.0,6344.58
Kansas,2005,50790.886,7931.0,6404.1
Kansas,2006,50371.658,8335.0,6043.39
Kansas,2007,51136.866,8178.0,6252.98
Kansas,2008,51060.945,8324.0,6134.18
Kansas,2009,52655.405,8178.0,6438.67
Kansas,2010,53601.108,9755,5494.73172731932
Kentucky,1988,22708.0,10188.0,2228.9
Kentucky,1989,23030.0,10148.0,2269.41
Kentucky,1990,27793.0,11292.0,2461.3
Kentucky,1992,38053.0,12467.0,3052.3
Kentucky,1993,45318.0,13791.0,3286.06
Kentucky,1994,54364.0,14071.0,3863.55
Kentucky,1995,58383.0,14267.0,4092.17
Kentucky,1996,58935.0,14447.0,4079.39
Kentucky,1997,65587.0,14828.0,4423.19
Kentucky,1998,71283.0,15163.0,4701.11
Kentucky,1999,76409.0,15281.0,5000.26
Kentucky,2000,85198.0,15701.0,5426.28
Kentucky,2001,99054.0,16419.0,6032.89
Kentucky,2002,103473.0,16190.0,6391.17
Kentucky,2003,104829.0,16091.0,6514.76
Kentucky,2004,106799.358,16071.0,6645.47
Kentucky,2005,107557.925,16071.0,6692.67
Kentucky,2006,106670.143,16071.0,6637.43
Kentucky,2007,108290.595,16070.0,6738.68
Kentucky,2008,108129.82,16030.0,6745.47
Kentucky,2009,111506.347,15961.0,6986.18
Kentucky,2010,113509.026,16927,6705.79701069298
Louisiana,1988,24898.0,10465.0,2379.17
Louisiana,1989,25557.0,10654.0,2398.82
Louisiana,1990,34383.0,13686.0,2512.28
Louisiana,1992,48205.0,15804.0,3050.18
Louisiana,1993,62996.0,18677.0,3372.92
Louisiana,1994,75876.0,19344.0,3922.46
Louisiana,1995,78691.0,19344.0,4067.98
Louisiana,1996,79596.0,19344.0,4114.76
Louisiana,1997,87261.0,19998.0,4363.49
Louisiana,1998,94565.0,20402.0,4635.08
Louisiana,1999,100196.0,20703.0,4839.69
Louisiana,2000,110318.0,20975.0,5259.5
Louisiana,2001,128484.0,21969.0,5848.42
Louisiana,2002,135048.0,22136.0,6100.83
Louisiana,2003,141892.0,22108.0,6418.13
Louisiana,2004,144497.478,21982.0,6573.45
Louisiana,2005,145513.021,21982.0,6619.64
Louisiana,2006,144311.959,21910.0,6586.58
Louisiana,2007,146504.237,21592.0,6785.12
Louisiana,2008,146286.727,21663.0,6752.84
Louisiana,2009,150854.764,21327.0,7073.42
Louisiana,2010,153564.15,20813,7378.28040167203
Maine,1988,4888.0,2385.0,2049.48
Maine,1989,4998.0,2388.0,2092.96
Maine,1990,6239.0,2724.0,2290.38
Maine,1992,9476.0,3132.0,3025.54
Maine,1993,11011.0,3361.0,3276.11
Maine,1994,12610.0,3439.0,3666.76
Maine,1995,13118.0,3439.0,3814.48
Maine,1996,13734.0,10816.0,1269.79
Maine,1997,15536.0,3392.0,4580.19
Maine,1998,17233.0,3537.0,4872.21
Maine,1999,18695.0,3618.0,5167.22
Maine,2000,20378.0,3631.0,5612.23
Maine,2001,24770.0,3958.0,6258.21
Maine,2002,26661.0,4002.0,6661.92
Maine,2003,26991.0,3970.0,6798.74
Maine,2004,27343.732,3979.0,6872.01
Maine,2005,27537.146,3955.0,6962.62
Maine,2006,27309.854,3913.0,6979.26
Maine,2007,27724.725,3871.0,7162.16
Maine,2008,27683.563,3820.0,7247.01
Maine,2009,28548.027,3748.0,7616.87
Maine,2010,29060.756,3819,39396.61
Maryland,1988,15473.0,5305.0,2916.68
Maryland,1989,15806.0,5368.0,2944.49
Maryland,1990,19894.0,6641.0,2995.63
Maryland,1992,27043.0,7594.0,3561.1
Maryland,1993,32073.0,8338.0,3846.61
Maryland,1994,38810.0,8509.0,4561.05
Maryland,1995,42023.0,8874.0,4735.52
Maryland,1996,42461.0,8915.0,4762.87
Maryland,1997,47688.0,9514.0,5012.4
Maryland,1998,51664.0,9507.0,5434.31
Maryland,1999,54966.0,9626.0,5710.16
Maryland,2000,61920.0,9968.0,6211.88
Maryland,2001,71713.0,10487.0,6838.28
Maryland,2002,74929.0,10527.0,7117.79
Maryland,2003,75851.0,10235.0,7410.94
Maryland,2004,77277.126,10344.0,7470.72
Maryland,2005,77826.021,10347.0,7521.6
Maryland,2006,77183.646,10347.0,7459.52
Maryland,2007,78356.161,10347.0,7572.84
Maryland,2008,78239.829,10347.0,7561.6
Maryland,2009,80682.993,10328.0,7812.06
Maryland,2010,82132.078,10911,7527.45651177711
Massachusetts,1988,25383.0,8147.0,3115.63
Massachusetts,1989,25854.0,8217.0,3146.4
Massachusetts,1990,30731.0,9257.0,3319.76
Massachusetts,1992,42348.0,10159.0,4168.52
Massachusetts,1993,49615.0,10929.0,4539.76
Massachusetts,1994,57264.0,10794.0,5305.17
Massachusetts,1995,61129.0,10990.0,5562.24
Massachusetts,1996,61742.0,3466.0,17813.62
Massachusetts,1997,68913.0,11499.0,5992.96
Massachusetts,1998,73664.0,11877.0,6202.24
Massachusetts,1999,78544.0,12094.0,6494.46
Massachusetts,2000,85917.0,12250.0,7013.63
Massachusetts,2001,99675.0,13004.0,7664.95
Massachusetts,2002,104182.0,13040.0,7989.42
Massachusetts,2003,105476.0,12981.0,8125.41
Massachusetts,2004,107298.837,13011.0,8246.78
Massachusetts,2005,108060.96,12846.0,8412.03
Massachusetts,2006,107169.026,12819.0,8360.17
Massachusetts,2007,108797.056,12807.0,8495.12
Massachusetts,2008,108635.529,12742.0,8525.78
Massachusetts,2009,112027.847,12704.0,8818.31
Massachusetts,2010,114039.893,13428,8492.69384867441
Michigan,1988,48370.0,20257.0,2387.82
Michigan,1989,49409.0,20348.0,2428.2
Michigan,1990,60674.0,23411.0,2591.69
Michigan,1992,82321.0,26174.0,3145.14
Michigan,1993,107451.0,29960.0,3586.48
Michigan,1994,126686.0,30701.0,4126.45
Michigan,1995,132990.0,30936.0,4298.88
Michigan,1996,135349.0,31198.0,4338.39
Michigan,1997,150074.0,32440.0,4626.2
Michigan,1998,162316.0,33316.0,4872.01
Michigan,1999,171121.0,33422.0,5120.01
Michigan,2000,186842.0,33769.0,5532.94
Michigan,2001,215873.0,35112.0,6148.13
Michigan,2002,225290.0,35269.0,6387.76
Michigan,2003,228045.0,35099.0,6497.19
Michigan,2004,232214.668,35124.0,6611.28
Michigan,2005,233924.073,35069.0,6670.39
Michigan,2006,231993.266,35069.0,6615.34
Michigan,2007,235517.531,35067.0,6716.22
Michigan,2008,235167.867,34949.0,6728.89
Michigan,2009,242511.36,34152.0,7100.94
Michigan,2010,246866.92,35550,6944.21715893108
Minnesota,1988,12698.0,5039.0,2519.94
Minnesota,1989,13059.0,5068.0,2576.76
Minnesota,1990,16468.0,6129.0,2686.9
Minnesota,1992,24373.0,7136.0,3415.5
Minnesota,1993,30823.0,8167.0,3774.09
Minnesota,1994,36930.0,8576.0,4306.2
Minnesota,1995,38281.0,8576.0,4463.74
Minnesota,1996,38812.0,8641.0,4491.61
Minnesota,1997,43536.0,9117.0,4775.26
Minnesota,1998,48909.0,9545.0,5124.04
Minnesota,1999,51740.0,9630.0,5372.79
Minnesota,2000,56401.0,9715.0,5805.56
Minnesota,2001,65523.0,10164.0,6446.58
Minnesota,2002,69643.0,10331.0,6741.17
Minnesota,2003,70369.0,10332.0,6810.78
Minnesota,2004,71119.492,10339.0,6878.76
Minnesota,2005,71811.284,10332.0,6950.38
Minnesota,2006,71218.555,10332.0,6893.01
Minnesota,2007,72300.453,10332.0,6997.72
Minnesota,2008,72193.111,10306.0,7004.96
Minnesota,2009,74447.456,10142.0,7340.51
Minnesota,2010,75784.55,12989,5834.51766879667
Mississippi,1988,53802.0,19899.0,2703.75
Mississippi,1989,53870.0,19927.0,2703.37
Mississippi,1990,57176.0,21026.0,2719.3
Mississippi,1992,71861.0,22343.0,3216.26
Mississippi,1993,83560.0,24036.0,3476.45
Mississippi,1994,92012.0,24110.0,3816.34
Mississippi,1995,95493.0,24150.0,3954.16
Mississippi,1996,97001.0,24081.0,4028.11
Mississippi,1997,103523.0,24693.0,4192.4
Mississippi,1998,110564.0,24953.0,4430.89
Mississippi,1999,117375.0,25091.0,4677.97
Mississippi,2000,129843.0,25455.0,5100.88
Mississippi,2001,149606.0,26624.0,5619.22
Mississippi,2002,155259.0,26742.0,5805.81
Mississippi,2003,157165.0,26762.0,5872.69
Mississippi,2004,160120.548,26754.0,5984.92
Mississippi,2005,161258.325,26657.0,6049.38
Mississippi,2006,159927.3,26657.0,5999.45
Mississippi,2007,162356.794,26657.0,6090.59
Mississippi,2008,162115.749,26633.0,6087.03
Mississippi,2009,167178.073,26520.0,6303.85
Mississippi,2010,170180.629,27052,6290.87050865001
Missouri,1988,20297.0,8777.0,2312.52
Missouri,1989,20753.0,8883.0,2336.26
Missouri,1990,26207.0,10726.0,2443.32
Missouri,1992,35641.0,11972.0,2977.03
Missouri,1993,45641.0,13592.0,3357.93
Missouri,1994,55979.0,14063.0,3980.59
Missouri,1995,58752.0,14064.0,4177.47
Missouri,1996,59241.0,14035.0,4220.95
Missouri,1997,66763.0,14899.0,4481.04
Missouri,1998,73482.0,15415.0,4766.92
Missouri,1999,78622.0,16191.0,4855.91
Missouri,2000,93475.0,16574.0,5639.86
Missouri,2001,108305.0,17718.0,6112.71
Missouri,2002,113256.0,17646.0,6418.23
Missouri,2003,115663.0,17573.0,6581.86
Missouri,2004,117837.078,17473.0,6743.95
Missouri,2005,118674.224,17451.0,6800.43
Missouri,2006,117694.689,17451.0,6744.29
Missouri,2007,119482.617,17456.0,6844.79
Missouri,2008,119305.226,17433.0,6843.64
Missouri,2009,123030.722,17441.0,7054.11
Missouri,2010,125240.383,17880,7004.4956935123
Montana,1988,2955.0,1177.0,2510.62
Montana,1989,3058.0,1201.0,2546.21
Montana,1990,3874.0,1535.0,2523.78
Montana,1992,6436.0,1961.0,3282.0
Montana,1993,8211.0,2226.0,3688.68
Montana,1994,9563.0,2304.0,4150.61
Montana,1995,9772.0,2304.0,4241.32
Montana,1996,10048.0,2304.0,4361.11
Montana,1997,11500.0,2510.0,4581.67
Montana,1998,12292.0,2555.0,4810.96
Montana,1999,13839.0,2678.0,5167.66
Montana,2000,15267.0,2703.0,5648.17
Montana,2001,18944.0,2971.0,6376.3
Montana,2002,20117.0,2982.0,6746.14
Montana,2003,20365.0,2952.0,6898.71
Montana,2004,20746.775,2945.0,7044.75
Montana,2005,20893.223,2939.0,7108.96
Montana,2006,20720.77,2929.0,7074.35
Montana,2007,21035.544,2919.0,7206.42
Montana,2008,21004.313,2919.0,7195.72
Montana,2009,21660.206,2902.0,7463.89
Montana,2010,22049.229,3094,7126.4476405947
Nebraska,1988,4782.0,2044.0,2339.53
Nebraska,1989,4894.0,2044.0,2394.32
Nebraska,1990,6254.0,2535.0,2467.06
Nebraska,1992,10284.0,3154.0,3260.62
Nebraska,1993,12322.0,3465.0,3556.13
Nebraska,1994,14342.0,3644.0,3935.78
Nebraska,1995,15456.0,3764.0,4106.27
Nebraska,1996,15890.0,3800.0,4181.58
Nebraska,1997,19037.0,4088.0,4656.8
Nebraska,1998,21318.0,4335.0,4917.65
Nebraska,1999,23890.0,4518.0,5287.74
Nebraska,2000,26660.0,4571.0,5832.42
Nebraska,2001,32142.0,4982.0,6451.63
Nebraska,2002,34580.0,5252.0,6584.16
Nebraska,2003,35008.0,5203.0,6728.43
Nebraska,2004,35709.352,5080.0,7029.4
Nebraska,2005,35962.321,5080.0,7079.2
Nebraska,2006,35665.489,5080.0,7020.77
Nebraska,2007,36207.292,5080.0,7127.42
Nebraska,2008,36153.536,5059.0,7146.38
Nebraska,2009,37282.488,5059.0,7369.54
Nebraska,2010,37952.09,5575,6807.54977578475
Nevada,1988,1703.0,605.0,2814.88
Nevada,1989,1726.0,601.0,2871.88
Nevada,1990,2384.0,801.0,2976.28
Nevada,1992,4000.0,1073.0,3727.87
Nevada,1993,6341.0,1593.0,3980.54
Nevada,1994,8017.0,1793.0,4471.28
Nevada,1995,8315.0,1793.0,4637.48
Nevada,1996,8213.0,1823.0,4505.21
Nevada,1997,9942.0,2019.0,4924.22
Nevada,1998,11280.0,2035.0,5543.0
Nevada,1999,11484.0,2035.0,5643.24
Nevada,2000,12369.0,2035.0,6078.13
Nevada,2001,18367.0,2694.0,6817.74
Nevada,2002,19786.0,2754.0,7184.46
Nevada,2003,23315.0,2754.0,8465.87
Nevada,2004,23698.194,2754.0,8605.01
Nevada,2005,24215.081,2754.0,8792.69
Nevada,2006,24015.21,2754.0,8720.12
Nevada,2007,24380.031,2754.0,8852.59
Nevada,2008,24343.835,2754.0,8839.45
Nevada,2009,25104.01,2754.0,9115.47
Nevada,2010,25554.884,3100,8243.51096774194
New Hampshire,1988,2213.0,748.0,2958.56
New Hampshire,1989,2234.0,748.0,2986.63
New Hampshire,1990,2746.0,865.0,3174.57
New Hampshire,1992,4080.0,1016.0,4015.75
New Hampshire,1993,4895.0,1131.0,4328.03
New Hampshire,1994,5699.0,1156.0,4929.93
New Hampshire,1995,6379.0,1232.0,5177.76
New Hampshire,1996,6558.0,1235.0,5310.12
New Hampshire,1997,7430.0,1267.0,5864.25
New Hampshire,1998,8512.0,1382.0,6159.19
New Hampshire,1999,9114.0,1425.0,6395.79
New Hampshire,2000,9838.0,1425.0,6903.86
New Hampshire,2001,12388.0,1632.0,7590.69
New Hampshire,2002,12861.0,1632.0,7880.51
New Hampshire,2003,13018.0,1632.0,7976.72
New Hampshire,2004,13257.126,1632.0,8123.24
New Hampshire,2005,13350.255,1632.0,8180.3
New Hampshire,2006,13240.062,1632.0,8112.78
New Hampshire,2007,13441.195,1632.0,8236.03
New Hampshire,2008,13421.239,1632.0,8223.8
New Hampshire,2009,13840.339,1632.0,8480.6
New Hampshire,2010,14088.914,1764,7986.9126984127
New Jersey,1988,34365.0,9645.0,3562.99
New Jersey,1989,35018.0,9625.0,3638.23
New Jersey,1990,41481.0,10765.0,3853.32
New Jersey,1992,54532.0,11688.0,4665.64
New Jersey,1993,63902.0,12773.0,5002.9
New Jersey,1994,71189.0,12898.0,5519.38
New Jersey,1995,74610.0,13016.0,5732.18
New Jersey,1996,75151.0,13085.0,5743.29
New Jersey,1997,82650.0,13746.0,6012.66
New Jersey,1998,89319.0,14201.0,6289.63
New Jersey,1999,94945.0,14443.0,6573.77
New Jersey,2000,104743.0,14567.0,7190.43
New Jersey,2001,120245.0,15329.0,7844.28
New Jersey,2002,125176.0,15262.0,8201.81
New Jersey,2003,126711.0,15099.0,8392.01
New Jersey,2004,127761.21,15130.0,8444.23
New Jersey,2005,128669.007,14717.0,8742.88
New Jersey,2006,127606.975,14582.0,8750.99
New Jersey,2007,129545.483,14854.0,8721.25
New Jersey,2008,129353.152,14850.0,8710.65
New Jersey,2009,133392.411,14848.0,8983.86
New Jersey,2010,135788.17,16310,8325.45493562232
New Mexico,1988,6996.0,3658.0,1912.52
New Mexico,1989,7154.0,3603.0,1985.57
New Mexico,1990,9408.0,4381.0,2147.45
New Mexico,1992,13655.0,4958.0,2754.13
New Mexico,1993,18954.0,6055.0,3130.31
New Mexico,1994,24241.0,6397.0,3789.43
New Mexico,1995,27269.0,6821.0,3997.8
New Mexico,1996,27731.0,6587.0,4209.96
New Mexico,1997,33971.0,7187.0,4726.73
New Mexico,1998,32470.0,7012.0,4630.63
New Mexico,1999,35363.0,7108.0,4975.1
New Mexico,2000,38374.0,7135.0,5378.28
New Mexico,2001,45919.0,7618.0,6027.7
New Mexico,2002,49185.0,7749.0,6347.27
New Mexico,2003,50852.0,7651.0,6646.45
New Mexico,2004,51789.732,7451.0,6950.71
New Mexico,2005,52160.073,7451.0,7000.41
New Mexico,2006,51729.545,7451.0,6942.63
New Mexico,2007,52515.381,7279.0,7214.64
New Mexico,2008,52437.413,7249.0,7233.74
New Mexico,2009,54074.855,7249.0,7459.63
New Mexico,2010,55046.052,7741,7110.97429272704
New York,1988,87416.0,24611.0,3551.91
New York,1989,89538.0,24791.0,3611.71
New York,1990,111997.0,30050.0,3727.02
New York,1992,153858.0,34688.0,4435.48
New York,1993,181968.0,37829.0,4810.28
New York,1994,215678.0,39062.0,5521.43
New York,1995,226840.0,39491.0,5744.09
New York,1996,228243.0,40365.0,5654.48
New York,1997,261541.0,43716.0,5982.73
New York,1998,286961.0,45608.0,6291.9
New York,1999,304283.0,45040.0,6755.84
New York,2000,342136.0,46805.0,7309.82
New York,2001,398522.0,48952.0,8141.08
New York,2002,418239.0,49493.0,8450.47
New York,2003,422350.0,49473.0,8536.98
New York,2004,430086.285,49300.0,8723.86
New York,2005,432036.314,49127.0,8794.27
New York,2006,428470.291,48818.0,8776.89
New York,2007,434979.286,48818.0,8910.22
New York,2008,434333.488,48084.0,9032.81
New York,2009,447896.246,48013.0,9328.65
New York,2010,455900.588,54642,8343.40961165404
North Carolina,1988,24589.0,10553.0,2330.05
North Carolina,1989,25207.0,10492.0,2402.5
North Carolina,1990,31971.0,12426.0,2572.91
North Carolina,1992,44259.0,14083.0,3142.73
North Carolina,1993,54263.0,15296.0,3547.53
North Carolina,1994,66643.0,15695.0,4246.13
North Carolina,1995,71603.0,16161.0,4430.6
North Carolina,1996,72594.0,16002.0,4536.56
North Carolina,1997,80559.0,16825.0,4788.05
North Carolina,1998,87978.0,17221.0,5108.76
North Carolina,1999,93979.0,17394.0,5402.96
North Carolina,2000,104684.0,17808.0,5878.48
North Carolina,2001,124580.0,18991.0,6559.95
North Carolina,2002,132667.0,19202.0,6909.02
North Carolina,2003,137403.0,19125.0,7184.47
North Carolina,2004,139359.686,19098.0,7297.08
North Carolina,2005,140897.879,19003.0,7414.51
North Carolina,2006,139734.909,18963.0,7368.82
North Carolina,2007,141857.656,18963.0,7480.76
North Carolina,2008,141647.045,18903.0,7493.36
North Carolina,2009,146070.201,18903.0,7727.36
North Carolina,2010,148693.655,20872,7124.07316021464
North Dakota,1988,1776.0,710.0,2501.41
North Dakota,1989,1808.0,710.0,2546.48
North Dakota,1990,2129.0,985.0,2161.42
North Dakota,1992,4283.0,1458.0,2937.59
North Dakota,1993,5666.0,1653.0,3427.71
North Dakota,1994,6723.0,1738.0,3868.24
North Dakota,1995,6966.0,1738.0,4008.06
North Dakota,1996,7206.0,1874.0,3845.25
North Dakota,1997,8733.0,2121.0,4117.4
North Dakota,1998,9721.0,1966.0,4944.56
North Dakota,1999,10561.0,2002.0,5275.22
North Dakota,2000,11973.0,2042.0,5863.37
North Dakota,2001,15750.0,2287.0,6886.75
North Dakota,2002,16036.0,2307.0,6951.02
North Dakota,2003,16697.0,2357.0,7084.01
North Dakota,2004,17009.14,2353.0,7228.7
North Dakota,2005,17128.979,2353.0,7279.63
North Dakota,2006,16987.597,2353.0,7219.55
North Dakota,2007,17245.66,2353.0,7329.22
North Dakota,2008,17220.056,2353.0,7318.34
North Dakota,2009,17757.78,2348.0,7562.94
North Dakota,2010,18076.714,2434,7426.75184880855
Ohio,1988,48356.0,22117.0,2186.37
Ohio,1989,49468.0,22352.0,2213.14
Ohio,1990,62438.0,26250.0,2378.59
Ohio,1992,84964.0,29132.0,2916.52
Ohio,1993,110420.0,32567.0,3390.55
Ohio,1994,133913.0,33919.0,3948.02
Ohio,1995,139497.0,34215.0,4077.07
Ohio,1996,141607.0,33919.0,4174.86
Ohio,1997,155354.0,35441.0,4383.45
Ohio,1998,168724.0,36300.0,4648.04
Ohio,1999,178271.0,36454.0,4890.3
Ohio,2000,196684.0,38261.0,5140.59
Ohio,2001,226942.0,38072.0,5960.86
Ohio,2002,236999.0,38081.0,6223.55
Ohio,2003,239770.0,38017.0,6306.92
Ohio,2004,244101.839,38029.0,6418.83
Ohio,2005,246237.4,38021.0,6476.35
Ohio,2006,244204.96,38021.0,6422.9
Ohio,2007,247914.736,37940.0,6534.39
Ohio,2008,247546.666,36975.0,6694.97
Ohio,2009,255276.707,37072.0,6885.97
Ohio,2010,259861.535,39622,6558.5163545505
Oklahoma,1988,14279.0,7292.0,1958.17
Oklahoma,1989,14551.0,7183.0,2025.76
Oklahoma,1990,17743.0,8200.0,2163.78
Oklahoma,1992,24078.0,8977.0,2682.19
Oklahoma,1993,32274.0,10625.0,3037.55
Oklahoma,1994,39073.0,11165.0,3499.6
Oklahoma,1995,40705.0,11165.0,3645.77
Oklahoma,1996,41397.0,11165.0,3707.75
Oklahoma,1997,45865.0,11631.0,3943.34
Oklahoma,1998,50997.0,12142.0,4200.05
Oklahoma,1999,54422.0,12217.0,4454.61
Oklahoma,2000,61555.0,12655.0,4864.09
Oklahoma,2001,72190.0,13228.0,5457.36
Oklahoma,2002,76910.0,13460.0,5713.97
Oklahoma,2003,78784.0,13474.0,5847.11
Oklahoma,2004,80249.056,13474.0,5955.85
Oklahoma,2005,80833.384,13915.0,5809.08
Oklahoma,2006,80166.186,13474.0,5949.69
Oklahoma,2007,81384.01,13474.0,6040.08
Oklahoma,2008,81263.182,13474.0,6031.11
Oklahoma,2009,83800.755,13474.0,6219.44
Oklahoma,2010,85305.836,14968,5699.2140566542
Oregon,1988,9353.0,2952.0,3168.36
Oregon,1989,9640.0,2974.0,3241.43
Oregon,1990,12223.0,3436.0,3557.33
Oregon,1992,17760.0,3885.0,4571.43
Oregon,1993,21782.0,4431.0,4915.82
Oregon,1994,27080.0,4638.0,5838.72
Oregon,1995,29086.0,4698.0,6191.15
Oregon,1996,29460.0,4695.0,6274.76
Oregon,1997,34466.0,5222.0,6600.15
Oregon,1998,37909.0,5400.0,7020.19
Oregon,1999,40118.0,5480.0,7320.8
Oregon,2000,46071.0,5771.0,7983.19
Oregon,2001,54785.0,9129.0,6001.2
Oregon,2002,57105.0,9199.0,6207.74
Oregon,2003,57704.0,9052.0,6374.72
Oregon,2004,58892.507,8716.0,6756.83
Oregon,2005,59310.519,8792.0,6745.96
Oregon,2006,58820.971,8804.0,6681.16
Oregon,2007,59714.535,8814.0,6774.96
Oregon,2008,59625.878,10175.0,5860.04
Oregon,2009,61487.791,11086.0,5546.44
Oregon,2010,62592.126,13682,4574.77897968133
Pennsylvania,1988,49439.0,17062.0,2897.61
Pennsylvania,1989,50465.0,17130.0,2946.0
Pennsylvania,1990,61536.0,20061.0,3067.44
Pennsylvania,1992,82449.0,22414.0,3678.46
Pennsylvania,1993,99688.0,24866.0,4009.01
Pennsylvania,1994,119354.0,25672.0,4649.19
Pennsylvania,1995,126251.0,26149.0,4828.14
Pennsylvania,1996,127086.0,26198.0,4850.98
Pennsylvania,1997,142973.0,27515.0,5196.18
Pennsylvania,1998,154046.0,28902.0,5329.94
Pennsylvania,1999,165674.0,29124.0,5688.57
Pennsylvania,2000,181844.0,29650.0,6133.02
Pennsylvania,2001,209346.0,31104.0,6730.52
Pennsylvania,2002,219115.0,30986.0,7071.42
Pennsylvania,2003,222603.0,30908.0,7202.12
Pennsylvania,2004,226002.253,30868.0,7321.57
Pennsylvania,2005,227563.294,32282.0,7049.23
Pennsylvania,2006,225684.989,35372.0,6380.33
Pennsylvania,2007,229113.424,35362.0,6479.09
Pennsylvania,2008,228773.267,35456.0,6452.31
Pennsylvania,2009,235917.078,35253.0,6692.11
Pennsylvania,2010,240154.203,35703,6726.44324006386
Rhode Island,1988,3761.0,1858.0,2024.22
Rhode Island,1989,3849.0,1838.0,2094.12
Rhode Island,1990,4833.0,2085.0,2317.99
Rhode Island,1992,6964.0,2293.0,3037.07
Rhode Island,1993,8328.0,2380.0,3499.16
Rhode Island,1994,10060.0,2476.0,4063.0
Rhode Island,1995,10453.0,2434.0,4294.58
Rhode Island,1996,10549.0,2567.0,4109.47
Rhode Island,1997,13135.0,2676.0,4908.45
Rhode Island,1998,13901.0,2778.0,5003.96
Rhode Island,1999,15330.0,2817.0,5441.96
Rhode Island,2000,17378.0,2952.0,5886.86
Rhode Island,2001,20412.0,3150.0,6480.0
Rhode Island,2002,21184.0,3150.0,6725.08
Rhode Island,2003,21446.0,3150.0,6808.25
Rhode Island,2004,21802.422,3150.0,6921.4
Rhode Island,2005,21956.386,3150.0,6970.28
Rhode Island,2006,21775.158,3135.0,6945.82
Rhode Island,2007,22105.95,3104.0,7121.76
Rhode Island,2008,22073.13,3083.0,7159.63
Rhode Island,2009,22762.399,2860.0,7958.88
Rhode Island,2010,23171.217,3011,7695.52208568582
South Carolina,1988,15340.0,6543.0,2344.49
South Carolina,1989,15685.0,6423.0,2442.01
South Carolina,1990,19871.0,7930.0,2505.8
South Carolina,1992,27716.0,9025.0,3071.02
South Carolina,1993,33063.0,9709.0,3405.4
South Carolina,1994,40772.0,10142.0,4020.11
South Carolina,1995,44021.0,10415.0,4226.69
South Carolina,1996,44540.0,10164.0,4382.13
South Carolina,1997,51714.0,10822.0,4778.6
South Carolina,1998,52826.0,11110.0,4754.82
South Carolina,1999,56280.0,11207.0,5021.86
South Carolina,2000,64060.0,11604.0,5520.51
South Carolina,2001,74963.0,12184.0,6152.58
South Carolina,2002,78507.0,12248.0,6409.78
South Carolina,2003,80223.0,12248.0,6549.89
South Carolina,2004,81718.067,12248.0,6671.95
South Carolina,2005,82281.921,12248.0,6717.99
South Carolina,2006,81602.767,12248.0,6662.54
South Carolina,2007,82842.414,12248.0,6763.75
South Carolina,2008,82719.421,12248.0,6753.71
South Carolina,2009,85302.467,12195.0,6994.87
South Carolina,2010,86834.519,13032,6663.17671884592
South Dakota,1988,2763.0,1099.0,2514.1
South Dakota,1989,2821.0,1099.0,2566.88
South Dakota,1990,3694.0,1382.0,2672.94
South Dakota,1992,5421.0,1691.0,3205.8
South Dakota,1993,6629.0,1894.0,3500.0
South Dakota,1994,7985.0,2025.0,3943.21
South Dakota,1995,8258.0,2025.0,4078.02
South Dakota,1996,8480.0,2258.0,3755.54
South Dakota,1997,10139.0,2374.0,4270.85
South Dakota,1998,11088.0,2355.0,4708.28
South Dakota,1999,12708.0,2485.0,5113.88
South Dakota,2000,14045.0,2587.0,5429.07
South Dakota,2001,17513.0,2925.0,5987.35
South Dakota,2002,18079.0,2827.0,6395.12
South Dakota,2003,18301.0,2827.0,6473.65
South Dakota,2004,18643.605,2827.0,6594.84
South Dakota,2005,18775.08,2827.0,6641.34
South Dakota,2006,18620.111,2827.0,6586.53
South Dakota,2007,18902.974,2827.0,6686.58
South Dakota,2008,18874.909,2827.0,6676.66
South Dakota,2009,19464.308,2827.0,6885.15
South Dakota,2010,19813.892,2969,6673.59110811721
Tennessee,1988,20915.0,8807.0,2374.82
Tennessee,1989,21411.0,8928.0,2398.19
Tennessee,1990,28016.0,10846.0,2583.07
Tennessee,1992,39271.0,12481.0,3146.46
Tennessee,1993,47993.0,13859.0,3462.95
Tennessee,1994,58610.0,14380.0,4075.8
Tennessee,1995,61630.0,14213.0,4336.17
Tennessee,1996,62163.0,14291.0,4349.8
Tennessee,1997,69365.0,14553.0,4766.37
Tennessee,1998,76803.0,14748.0,5207.69
Tennessee,1999,81387.0,14753.0,5516.64
Tennessee,2000,92040.0,15747.0,5844.92
Tennessee,2001,107146.0,16344.0,6555.68
Tennessee,2002,112344.0,16507.0,6805.84
Tennessee,2003,116072.0,16473.0,7046.2
Tennessee,2004,118216.822,16437.0,7192.12
Tennessee,2005,119021.587,16445.0,7237.55
Tennessee,2006,118039.184,16397.0,7198.83
Tennessee,2007,119832.346,16397.0,7308.19
Tennessee,2008,119654.435,16339.0,7323.24
Tennessee,2009,123390.836,16339.0,7551.92
Tennessee,2010,125606.964,17419,7210.91704460646
Texas,1988,53999.0,23121.0,2335.5
Texas,1989,55850.0,23211.0,2406.19
Texas,1990,77069.0,30573.0,2520.82
Texas,1992,113612.0,36394.0,3121.72
Texas,1993,172536.0,49110.0,3513.26
Texas,1994,213394.0,51521.0,4141.88
Texas,1995,223309.0,51925.0,4300.61
Texas,1996,224923.0,52107.0,4316.56
Texas,1997,253186.0,54624.0,4635.07
Texas,1998,279640.0,57281.0,4881.9
Texas,1999,299891.0,58173.0,5155.16
Texas,2000,361846.0,63171.0,5728.04
Texas,2001,429075.0,67572.0,6349.89
Texas,2002,454292.0,67664.0,6713.94
Texas,2003,475422.0,67764.0,7015.85
Texas,2004,474091.773,67785.0,6994.05
Texas,2005,477432.841,67327.0,7091.25
Texas,2006,473492.116,67875.0,6975.94
Texas,2007,480685.049,67630.0,7107.57
Texas,2008,479971.393,67680.0,7091.78
Texas,2009,494959.267,67591.0,7322.86
Texas,2010,503849.518,74301,6781.19430424893
Utah,1988,5120.0,2033.0,2518.45
Utah,1989,5292.0,2118.0,2498.58
Utah,1990,7020.0,2702.0,2598.08
Utah,1992,10669.0,3403.0,3135.17
Utah,1993,13208.0,3822.0,3455.78
Utah,1994,15832.0,4028.0,3930.49
Utah,1995,18145.0,4334.0,4186.66
Utah,1996,18219.0,4201.0,4336.82
Utah,1997,20132.0,4419.0,4555.78
Utah,1998,21728.0,4654.0,4668.67
Utah,1999,23185.0,4679.0,4955.12
Utah,2000,27840.0,5079.0,5481.39
Utah,2001,35858.0,5403.0,6636.68
Utah,2002,36270.0,5527.0,6562.33
Utah,2003,36709.0,5527.0,6641.76
Utah,2004,37398.515,5518.0,6777.55
Utah,2005,37663.509,5518.0,6825.57
Utah,2006,37352.635,5518.0,6769.23
Utah,2007,37920.068,5400.0,7022.23
Utah,2008,37863.769,5518.0,6861.86
Utah,2009,39046.126,5400.0,7230.76
Utah,2010,39747.403,6158,6454.5961351088
Vermont,1988,2422.0,871.0,2780.71
Vermont,1989,2444.0,871.0,2805.97
Vermont,1990,2821.0,973.0,2899.28
Vermont,1992,4556.0,1129.0,4035.43
Vermont,1993,5339.0,1260.0,4237.3
Vermont,1994,5957.0,1271.0,4686.86
Vermont,1995,7636.0,1486.0,5138.63
Vermont,1996,7811.0,1531.0,5101.89
Vermont,1997,8433.0,1379.0,6115.3
Vermont,1998,8900.0,1404.0,6339.03
Vermont,1999,9691.0,1438.0,6739.22
Vermont,2000,10514.0,1438.0,7311.54
Vermont,2001,12553.0,1573.0,7980.29
Vermont,2002,13023.0,1573.0,8279.08
Vermont,2003,13183.0,1573.0,8380.8
Vermont,2004,13428.786,1569.0,8558.82
Vermont,2005,13523.137,1569.0,8618.95
Vermont,2006,13411.517,1552.0,8641.44
Vermont,2007,13615.255,1552.0,8772.72
Vermont,2008,13595.041,1552.0,8759.69
Vermont,2009,14019.568,1506.0,9309.14
Vermont,2010,14271.363,1580,9032.5082278481
Virginia,1988,16792.0,5591.0,3003.4
Virginia,1989,17201.0,5769.0,2981.63
Virginia,1990,22098.0,7380.0,2994.31
Virginia,1992,33134.0,9455.0,3504.39
Virginia,1993,39440.0,10650.0,3703.29
Virginia,1994,46411.0,10993.0,4221.87
Virginia,1995,48896.0,11147.0,4386.47
Virginia,1996,49706.0,11028.0,4507.25
Virginia,1997,54571.0,11480.0,4753.57
Virginia,1998,61960.0,12053.0,5140.63
Virginia,1999,66246.0,12243.0,5410.93
Virginia,2000,74487.0,12652.0,5887.37
Virginia,2001,89890.0,13612.0,6603.73
Virginia,2002,95366.0,13772.0,6924.63
Virginia,2003,96214.0,13768.0,6988.23
Virginia,2004,98142.388,13768.0,7128.3
Virginia,2005,98833.397,13696.0,7216.22
Virginia,2006,98071.628,13679.0,7169.5
Virginia,2007,99506.637,13518.0,7361.05
Virginia,2008,99358.903,13578.0,7317.64
Virginia,2009,102461.544,13518.0,7579.64
Virginia,2010,104301.777,14862,7018.01756156641
Washington,1988,13494.0,4373.0,3085.75
Washington,1989,13954.0,4448.0,3137.14
Washington,1990,18767.0,5378.0,3489.59
Washington,1992,27533.0,6361.0,4328.41
Washington,1993,37558.0,7799.0,4815.75
Washington,1994,45968.0,8260.0,5565.13
Washington,1995,53385.0,8803.0,6064.41
Washington,1996,52311.0,8878.0,5892.21
Washington,1997,59644.0,9387.0,6353.89
Washington,1998,64841.0,9682.0,6697.07
Washington,1999,69601.0,9831.0,7079.75
Washington,2000,78359.0,10287.0,7617.28
Washington,2001,92257.0,11106.0,8306.95
Washington,2002,97247.0,11167.0,8708.43
Washington,2003,98022.0,11001.0,8910.28
Washington,2004,100192.902,11118.0,9011.77
Washington,2005,100094.355,11102.0,9015.88
Washington,2006,99268.177,11190.0,8871.15
Washington,2007,100776.184,11278.0,8935.64
Washington,2008,100626.555,11277.0,8923.17
Washington,2009,103768.79,11278.0,9200.99
Washington,2010,105632.502,12387,8527.69048195689
West Virginia,1988,10036.0,4008.0,2503.99
West Virginia,1989,10259.0,4038.0,2540.61
West Virginia,1990,12958.0,4937.0,2624.67
West Virginia,1992,18959.0,5842.0,3245.29
West Virginia,1993,22303.0,6317.0,3530.63
West Virginia,1994,26014.0,6402.0,4063.42
West Virginia,1995,27626.0,6522.0,4235.82
West Virginia,1996,28125.0,6515.0,4316.96
West Virginia,1997,31064.0,6858.0,4529.6
West Virginia,1998,33349.0,6876.0,4850.06
West Virginia,1999,36062.0,7043.0,5120.26
West Virginia,2000,39842.0,7144.0,5576.99
West Virginia,2001,46713.0,7590.0,6154.55
West Virginia,2002,48625.0,7650.0,6356.21
West Virginia,2003,49227.0,7650.0,6434.9
West Virginia,2004,50152.151,7650.0,6555.84
West Virginia,2005,50507.94,7610.0,6637.05
West Virginia,2006,50091.048,7610.0,6582.27
West Virginia,2007,50851.993,7682.0,6619.63
West Virginia,2008,50776.4,7610.0,6672.33
West Virginia,2009,52362.072,7610.0,6880.69
West Virginia,2010,53302.507,8226,6479.76015074155
Wisconsin,1988,17651.0,7205.0,2449.83
Wisconsin,1989,18074.0,7241.0,2496.06
Wisconsin,1990,22931.0,8612.0,2662.68
Wisconsin,1992,31052.0,9665.0,3212.83
Wisconsin,1993,40956.0,11247.0,3641.5
Wisconsin,1994,49461.0,11953.0,4137.96
Wisconsin,1995,52633.0,12171.0,4324.46
Wisconsin,1996,54013.0,12283.0,4397.38
Wisconsin,1997,58550.0,12556.0,4663.11
Wisconsin,1998,63218.0,12905.0,4898.72
Wisconsin,1999,67582.0,13113.0,5153.82
Wisconsin,2000,72177.0,12953.0,5572.22
Wisconsin,2001,83337.0,13478.0,6183.19
Wisconsin,2002,86941.0,13489.0,6445.33
Wisconsin,2003,88082.0,13515.0,6517.35
Wisconsin,2004,89783.879,13532.0,6634.93
Wisconsin,2005,90635.323,13538.0,6694.88
Wisconsin,2006,89887.22,13538.0,6639.62
Wisconsin,2007,91252.718,13538.0,6740.49
Wisconsin,2008,91117.239,13476.0,6761.45
Wisconsin,2009,93962.521,13470.0,6975.69
Wisconsin,2010,95650.109,14892,6422.91894977169
Wyoming,1988,1590.0,698.0,2277.94
Wyoming,1989,1624.0,699.0,2323.32
Wyoming,1990,1876.0,826.0,2271.19
Wyoming,1992,3371.0,1128.0,2988.48
Wyoming,1993,4149.0,1245.0,3332.53
Wyoming,1994,4925.0,1323.0,3722.6
Wyoming,1995,5099.0,1313.0,3883.47
Wyoming,1996,5195.0,1279.0,4061.77
Wyoming,1997,5814.0,1395.0,4167.74
Wyoming,1998,6421.0,1452.0,4422.18
Wyoming,1999,7546.0,1500.0,5030.67
Wyoming,2000,8187.0,1468.0,5576.98
Wyoming,2001,10760.0,1757.0,6124.08
Wyoming,2002,11882.0,1803.0,6590.13
Wyoming,2003,12028.0,1803.0,6671.1
Wyoming,2004,12252.314,1793.0,6833.42
Wyoming,2005,12338.291,1792.0,6885.21
Wyoming,2006,12236.45,1792.0,6828.38
Wyoming,2007,12422.337,1840.0,6751.27
Wyoming,2008,12403.894,1792.0,6921.82
Wyoming,2009,12791.225,1788.0,7153.93
Wyoming,2010,13020.959,1833,7103.63284233497