"variable","hc2","hc3","hc4","tau1","tau2","tau3","pinvest1","pinvest2","pinvest3","govinvest1","govinvest2","govinvest3","peducation","income1","income2","income3","centerprice1","familyprice1","centerprice2","familyprice2","centerprice3","familyprice3"
"hc2",3.98727692968313e-10,6.47883349079195e-07,4.52725235118652e-07,4.173106954112e-05,-1.23498973795363e-05,1.13924815866243e-06,0,0,0,0,0,0,0,0,0,0,0,0,0,0,0,0
"hc3",6.47883349079195e-07,0.0035101368082697,0.00256368786118537,0.00131480323360637,0.00329057143752402,-0.000517588148824254,0,0,0,0,0,0,0,0,0,0,0,0,0,0,0,0
"hc4",4.52725235118652e-07,0.00256368786118537,0.00188435476817716,0.000134827965051485,7.13760198655603e-05,-2.8330737830329e-06,0,0,0,0,0,0,0,0,0,0,0,0,0,0,0,0
"tau1",4.173106954112e-05,0.00131480323360637,0.000134827965051485,7.20578284643296,1.52285600272251e-05,-0.000102431093836064,0,0,0,0,0,0,0,0,0,0,0,0,0,0,0,0
"tau2",-1.23498973795363e-05,0.00329057143752402,7.13760198655603e-05,1.52285600272251e-05,55.1211815226224,0.000133038799164042,0,0,0,0,0,0,0,0,0,0,0,0,0,0,0,0
"tau3",1.13924815866243e-06,-0.000517588148824254,-2.8330737830329e-06,-0.000102431093836064,0.000133038799164042,44.0667801371612,0,0,0,0,0,0,0,0,0,0,0,0,0,0,0,0
"pinvest1",0,0,0,0,0,0,1.28425448000188,0,0,0,0,0,0,0,0,0,0,0,0,0,0,0
"pinvest2",0,0,0,0,0,0,0,0.88454235255816,0,0,0,0,0,0,0,0,0,0,0,0,0,0
"pinvest3",0,0,0,0,0,0,0,0,0.833380885423879,0,0,0,0,0,0,0,0,0,0,0,0,0
"govinvest1",0,0,0,0,0,0,0,0,0,0.114916801175601,0,0,0,0,0,0,0,0,0,0,0,0
"govinvest2",0,0,0,0,0,0,0,0,0,0,0.875329987864988,0,0,0,0,0,0,0,0,0,0,0
"govinvest3",0,0,0,0,0,0,0,0,0,0,0,0.676393987711766,0,0,0,0,0,0,0,0,0,0
"peducation",0,0,0,0,0,0,0,0,0,0,0,0,0.938341078442045,0,0,0,0,0,0,0,0,0
"income1",0,0,0,0,0,0,0,0,0,0,0,0,0,0.798258485901584,0,0,0,0,0,0,0,0
"income2",0,0,0,0,0,0,0,0,0,0,0,0,0,0,0.653010646755211,0,0,0,0,0,0,0
"income3",0,0,0,0,0,0,0,0,0,0,0,0,0,0,0,0.952322462383873,0,0,0,0,0,0
"centerprice1",0,0,0,0,0,0,0,0,0,0,0,0,0,0,0,0,0.951741064407278,0,0,0,0,0
"familyprice1",0,0,0,0,0,0,0,0,0,0,0,0,0,0,0,0,0,1.14169093637086,0,0,0,0
"centerprice2",0,0,0,0,0,0,0,0,0,0,0,0,0,0,0,0,0,0,0.832923077343229,0,0,0
"familyprice2",0,0,0,0,0,0,0,0,0,0,0,0,0,0,0,0,0,0,0,0.656684770710168,0,0
"centerprice3",0,0,0,0,0,0,0,0,0,0,0,0,0,0,0,0,0,0,0,0,1.02935109943839,0
"familyprice3",0,0,0,0,0,0,0,0,0,0,0,0,0,0,0,0,0,0,0,0,0,0.889170308044679
