Year,student_pop_count,student_pop_mean,student_pop_std,student_pop_min,student_pop_25%,student_pop_50%,student_pop_75%,student_pop_max,real_TCURELSC_per_student_count,real_TCURELSC_per_student_mean,real_TCURELSC_per_student_std,real_TCURELSC_per_student_min,real_TCURELSC_per_student_25%,real_TCURELSC_per_student_50%,real_TCURELSC_per_student_75%,real_TCURELSC_per_student_max
1990,3097.0,12590.741685502098,39277.60948910625,10.0,1967.0,4204.0,9657.0,1358608.0,3097.0,9886.630594317077,2781.4666379680775,4916.531782246707,8155.381136469877,9512.112514960425,11039.453474389822,45977.45538889599
1991,0.0,,,,,,,,3097.0,10075.905152527928,2683.979529777236,5255.381237605876,8392.692222577893,9675.548833547618,11138.565865319859,45269.55541036722
1992,0.0,,,,,,,,3097.0,10265.179710738781,2612.6905767548724,5582.564455240905,8640.756944248642,9847.215732023733,11278.255131667533,44561.65543183844
1993,0.0,,,,,,,,3097.0,10454.454268949636,2569.7810138085442,5782.770249100993,8895.221579002253,10029.411769272094,11457.6444378058,43853.75545330966
1994,0.0,,,,,,,,3097.0,10643.728827160488,2556.6801410158278,5982.976042961082,9118.13247521599,10183.416552341236,11673.109964594958,43145.85547478088
1995,3098.0,13608.724015493866,42726.2160441504,11.0,2043.5,4431.0,10370.75,1473849.0,3098.0,10836.329734492338,2580.079023901729,6162.185894092524,9269.405059713688,10355.08754842609,11915.896593012409,42437.95549625211
1996,3098.0,13821.38605551969,43693.623503069495,8.0,2063.5,4462.0,10432.25,1508589.0,3098.0,10888.177562447507,2519.6897741372472,6427.5903534470945,9339.885539303066,10413.193159769013,11935.129682146402,41230.88444577714
1997,3098.0,14048.57876049064,44665.1260170387,11.0,2073.0,4490.5,10494.5,1536640.0,3098.0,11105.926262919347,2500.1030758164907,6579.064043257467,9597.744882055,10664.014579309038,12117.769168222234,40110.16777355442
1998,3098.0,14182.168173014848,45646.90255220736,10.0,2054.75,4497.5,10485.0,1583283.0,3098.0,11433.401024482273,2425.5640824424354,6733.227039246777,9972.660074591204,10959.325612388662,12395.621604955017,37891.74382517734
1999,3098.0,14374.576823757263,46659.57642817432,6.0,2046.25,4450.5,10508.5,1616838.0,3098.0,11803.236787327927,2472.7260391361065,4897.226381842244,10319.366168726989,11337.64406513546,12783.579231252465,45216.39812331041
2000,3098.0,14463.180438992898,47362.76324726605,8.0,2028.75,4430.5,10502.25,1650744.0,3098.0,12171.452190740036,2574.2076289438346,7232.469458739804,10617.297143606069,11654.681958056783,13136.292844831227,39522.95873167914
2001,3098.0,14577.814396384765,48278.17607177191,7.0,1985.5,4383.5,10451.0,1680736.0,3098.0,12673.52083573524,2707.3616961650287,7392.229554113715,11071.37110138304,12175.998001459631,13654.605438940589,38233.64306038794
2002,3098.0,14731.463847643641,49279.09477110575,9.0,1960.25,4372.0,10418.75,1710114.0,3098.0,13125.896693593908,2841.905118472407,7564.2361360123305,11411.445720712713,12605.266447390546,14164.212131317505,37783.592893288034
2003,3098.0,14891.757908327954,50086.70794323613,5.0,1922.0,4346.0,10462.25,1733672.0,3098.0,13476.722185061508,3024.846360014803,7275.690383343503,11640.312041127054,12898.91416982796,14612.320722752398,41240.61581041342
2004,3098.0,15002.746610716591,50546.090919054426,3.0,1905.0,4306.5,10399.75,1741477.0,3098.0,13589.30394127161,3122.4091187182826,7435.328468508383,11667.393573830825,12956.441756001243,14778.705572439945,53829.49981745162
2005,3087.0,15101.902818270166,50864.01074117311,3.0,1879.5,4271.0,10549.5,1736603.0,3098.0,13877.790209287186,3337.466256654112,7463.940278669068,11865.956610063378,13161.01862593404,15064.538003402673,57722.57607926397
2006,3098.0,15191.148805681085,50875.641986708164,2.0,1875.0,4282.5,10540.5,1706831.0,3098.0,14222.564846239127,4605.927770908182,7443.357472549112,12109.29217111022,13392.14833478334,15301.2890688838,171225.34181116032
2007,3096.0,15267.927325581395,50401.03912440294,3.0,1858.5,4273.5,10595.0,1670299.0,3098.0,14540.990099843064,3637.922344734802,7740.519044475215,12495.8399098739,13797.393908230444,15610.09697292155,64389.96650229066
2008,3098.0,15291.868624919303,50294.5222772781,3.0,1830.5,4245.5,10650.5,1645880.0,3098.0,14801.023589981822,3820.981224270703,7586.524879831436,12665.011038257368,13997.05528521576,15809.748969227134,68223.76514657239
2009,3096.0,15316.971899224805,50283.79540967565,5.0,1815.25,4222.5,10647.75,1629903.0,3098.0,15305.468675440225,4037.4003079582562,8202.5970038107,12994.723144500804,14406.184745351697,16454.665544022824,62734.96363419133
2010,3098.0,15320.833118140736,49925.974999126534,4.0,1795.75,4206.5,10638.75,1587815.0,3098.0,15327.79526664999,4153.208129780793,7773.380507536716,12933.070667088941,14358.60168730691,16603.20356714762,63161.72598581297
2011,3098.0,15344.910587475792,50057.52048011814,10.0,1781.25,4194.5,10641.5,1588706.0,3098.0,14909.977126928743,4209.409693943705,7142.983447025471,12453.045636066263,13877.205540145758,16291.496613927715,71954.54984533093
2012,3098.0,15375.519367333764,50077.678154589456,6.0,1776.5,4169.5,10560.0,1573628.0,3098.0,14697.697800226397,5044.864102381973,6813.174077323078,12141.758338769694,13709.613719919484,15988.145391357926,175213.1969758715
2013,3096.0,15437.416666666666,50197.48502458119,4.0,1756.5,4148.0,10498.25,1562306.0,3098.0,14611.020180168995,4311.233136226395,7137.972116648843,12076.833535150461,13627.872779466381,15871.366857687983,65304.158977359686
2014,3098.0,15486.146546158812,50392.77633862274,8.0,1749.0,4160.0,10489.5,1550961.0,3098.0,14707.690180863245,4255.637223000169,6886.299854457543,12155.003784205732,13693.805409529275,15985.478742719439,51479.413181333744
2015,3098.0,15581.85732730794,50464.52453506192,7.0,1748.25,4135.5,10496.75,1532404.0,3098.0,15075.273646193677,4435.5298476209755,6633.564852856554,12412.437215747763,14030.270004464011,16359.066855491019,60163.22020148945
2016,3098.0,15632.515493867011,50548.699126479216,5.0,1731.0,4085.5,10506.75,1520819.0,3098.0,15191.80934509582,4399.500805741952,7188.867528311145,12528.82224018857,14172.644078000156,16515.61632789142,64650.37702054264
2017,3098.0,15678.82633957392,50593.66443032565,4.0,1717.25,4055.0,10457.25,1508827.0,3098.0,15414.635310121925,4516.000476063017,6512.819008186876,12639.911259599883,14408.384702678559,16863.359151269316,66868.37136866283
2018,3097.0,15698.095576364223,50390.471502126515,4.0,1712.0,4033.0,10482.0,1488971.0,3098.0,15554.123489132056,4582.281248598156,4911.778717244263,12774.795564950466,14540.013949139466,17017.007097061043,83348.94788509967
2019,3098.0,15696.402840542285,50165.82012194506,4.0,1706.25,3993.5,10479.25,1457342.0,3098.0,15861.283883195776,4665.0951447195675,3911.1504785811135,12993.50290169967,14815.747754989301,17342.628444271006,70912.85495592491
2020,3098.0,15739.089089735313,50022.63701924872,6.0,1694.25,3976.5,10531.75,1430850.0,3098.0,16093.370718916824,4563.517558745281,3496.821925326775,13220.527278905416,15125.984986327749,17645.147201266347,70466.04366159948
2021,3097.0,15320.474652889894,48676.174354644,8.0,1648.0,3828.0,10272.0,1382171.0,3098.0,16299.435157120772,4579.185454677405,2178.7361779101698,13292.292928590758,15367.532741301617,18014.336236552965,68697.81010796079
2022,3098.0,15332.751452550032,48048.788662077626,10.0,1655.5,3857.5,10318.75,1329609.0,3098.0,16304.882613527603,5336.524734338899,1867.5190856871777,13405.307422465286,15334.530504372116,17749.369317191504,164562.86796274007
